{
    "name": "root",
    "gauges": {
        "aircraft_01_AgentBehavior.Policy.Entropy.mean": {
            "value": 1.335497260093689,
            "min": 1.269784688949585,
            "max": 2.158579111099243,
            "count": 453
        },
        "aircraft_01_AgentBehavior.Environment.EpisodeLength.mean": {
            "value": 877.1666666666666,
            "min": 35.64363636363636,
            "max": 999.0,
            "count": 453
        },
        "aircraft_01_AgentBehavior.Environment.Lesson.mean": {
            "value": 4.0,
            "min": 0.0,
            "max": 4.0,
            "count": 453
        },
        "aircraft_01_AgentBehavior.Policy.ExtrinsicValueEstimate.mean": {
            "value": 1.3250174522399902,
            "min": -0.4282209575176239,
            "max": 10.72061538696289,
            "count": 453
        },
        "aircraft_01_AgentBehavior.Environment.CumulativeReward.mean": {
            "value": 12.080551852782568,
            "min": -0.9132571406382367,
            "max": 14.136874719099565,
            "count": 453
        },
        "aircraft_01_AgentBehavior.Policy.ExtrinsicReward.mean": {
            "value": 12.080551852782568,
            "min": -0.9132571406382367,
            "max": 14.136874719099565,
            "count": 453
        },
        "aircraft_01_AgentBehavior.IsTraining.mean": {
            "value": 1.0,
            "min": 1.0,
            "max": 1.0,
            "count": 453
        },
        "aircraft_01_AgentBehavior.Losses.ValueLoss.mean": {
            "value": 0.014880234375596046,
            "min": 0.00861601997166872,
            "max": 59.76023864746094,
            "count": 220
        },
        "aircraft_01_AgentBehavior.Losses.PolicyLoss.mean": {
            "value": 0.01413325872272253,
            "min": 0.011219178326427937,
            "max": 0.0451037660241127,
            "count": 220
        },
        "aircraft_01_AgentBehavior.Policy.LearningRate.mean": {
            "value": 0.0002728740801103413,
            "min": 0.0002728740801103413,
            "max": 0.00029987693415023386,
            "count": 220
        }
    },
    "metadata": {
        "timer_format_version": "0.1.0",
        "start_time_seconds": "1636270122",
        "python_version": "3.7.10 (default, Feb 26 2021, 13:06:18) [MSC v.1916 64 bit (AMD64)]",
        "command_line_arguments": "F:\\anaconda3\\envs\\ml-agents-1.0.8\\Scripts\\mlagents-learn C:\\Users\\Asus\\Desktop\\training2\\config\\trainer_config.yaml --curriculum C:\\Users\\Asus\\Desktop\\training2\\config\\curricula\\AircraftLearning.yaml --run-id aircraft_01",
        "mlagents_version": "0.16.0",
        "mlagents_envs_version": "0.16.0",
        "communication_protocol_version": "1.0.0",
        "tensorflow_version": "2.5.0",
        "end_time_seconds": "1636274296"
    },
    "total": 4174.2398198,
    "count": 1,
    "self": 0.000873699999829114,
    "children": {
        "run_training.setup": {
            "total": 0.02503769999999994,
            "count": 1,
            "self": 0.02503769999999994
        },
        "TrainerController.start_learning": {
            "total": 4174.2139084,
            "count": 1,
            "self": 196.08484950005368,
            "children": {
                "TrainerController._reset_env": {
                    "total": 10.362764800000116,
                    "count": 5,
                    "self": 10.362764800000116
                },
                "TrainerController.advance": {
                    "total": 3966.848872999946,
                    "count": 244661,
                    "self": 5.917271800058643,
                    "children": {
                        "env_step": {
                            "total": 3960.931601199887,
                            "count": 244661,
                            "self": 3615.5429884000755,
                            "children": {
                                "SubprocessEnvManager._take_step": {
                                    "total": 341.0084564999436,
                                    "count": 244661,
                                    "self": 12.219116800042912,
                                    "children": {
                                        "NNPolicy.evaluate": {
                                            "total": 328.78933969990067,
                                            "count": 227193,
                                            "self": 328.78933969990067
                                        }
                                    }
                                },
                                "workers": {
                                    "total": 4.380156299867911,
                                    "count": 244660,
                                    "self": 0.0,
                                    "children": {
                                        "worker_root": {
                                            "total": 4154.991426300072,
                                            "count": 244660,
                                            "is_parallel": true,
                                            "self": 1254.9247652001281,
                                            "children": {
                                                "steps_from_proto": {
                                                    "total": 0.007533799999915658,
                                                    "count": 5,
                                                    "is_parallel": true,
                                                    "self": 0.0012546999995564079,
                                                    "children": {
                                                        "_process_vector_observation": {
                                                            "total": 0.00627910000035925,
                                                            "count": 40,
                                                            "is_parallel": true,
                                                            "self": 0.00627910000035925
                                                        }
                                                    }
                                                },
                                                "UnityEnvironment.step": {
                                                    "total": 2900.059127299944,
                                                    "count": 244660,
                                                    "is_parallel": true,
                                                    "self": 79.29515439979832,
                                                    "children": {
                                                        "UnityEnvironment._generate_step_input": {
                                                            "total": 56.35476040009186,
                                                            "count": 244660,
                                                            "is_parallel": true,
                                                            "self": 56.35476040009186
                                                        },
                                                        "communicator.exchange": {
                                                            "total": 2387.923103000116,
                                                            "count": 244660,
                                                            "is_parallel": true,
                                                            "self": 2387.923103000116
                                                        },
                                                        "steps_from_proto": {
                                                            "total": 376.48610949993764,